217,"Porro maiores maiores quas velit.",porro-maiores-maiores-quas-velit,"Harum unde id beatae harum maiores reprehenderit necessitatibus. Eveniet consequuntur alias dolorem ratione consequatur a et id. Autem debitis qui quibusdam.

Dolorem omnis libero quas. Voluptas ab ut nesciunt. Expedita inventore enim perferendis cum.

Cupiditate consectetur dolorem minus non explicabo. Sed officia ut libero est beatae consequatur. Cum quae suscipit ex adipisci veritatis sed quos.

Enim voluptatem laborum consequuntur architecto rerum. Sed facere architecto quisquam rerum voluptatem ea. Aut delectus qui ut recusandae similique officiis.

Commodi explicabo consequatur non. Cupiditate aspernatur et rerum eum ipsum fugiat id. Reprehenderit ex dolorum quas ut dolor nam veritatis a. Consequatur repellat temporibus illo quia quia provident.

Commodi dolores debitis enim quia molestiae aut accusantium facere. Molestiae eos tenetur voluptas temporibus.

Temporibus asperiores autem quibusdam ullam et beatae a. Provident commodi rerum omnis velit. Architecto fuga reiciendis optio id aliquid. Pariatur ducimus aspernatur cupiditate consectetur quam asperiores et.",,,1,admin,scheduled,,,0,,,,"2024-11-18 04:29:40","2024-11-18 04:29:40",
218,"Mollitia ut odio quam officia tenetur vitae.",mollitia-ut-odio-quam-officia-tenetur-vitae,"Corrupti autem ut ex eos voluptate voluptatum ut. Sed id eum dignissimos et. Repellendus vero beatae qui hic accusantium.

Consequuntur aperiam omnis doloribus rem aperiam soluta. Ut sed quod quas nam praesentium. Libero quae sed sunt commodi velit.

Qui animi blanditiis facere qui omnis nam nemo. Sed officia suscipit deleniti dicta dolor. Dolorem error non ea esse aut est voluptatum. Velit aut ab in consequuntur.

Sed eum quis officiis praesentium natus minus. Unde ad voluptas minima. Alias officiis quos occaecati a reiciendis laborum quaerat.",,,1,admin,scheduled,"2024-05-20 12:04:41",,0,,,,"2024-11-18 04:29:40","2024-11-18 04:29:40",
219,"Nostrum repellat ullam dolorem sunt.",nostrum-repellat-ullam-dolorem-sunt,"Quidem ea unde quod iste maxime. Iste deleniti itaque voluptate consequuntur dicta. Aliquam et nisi totam provident qui distinctio. Ipsam suscipit quia beatae.

Ut quisquam omnis odit totam et aut. Sequi perferendis laboriosam magni exercitationem maiores. Sit qui ab dicta consequatur mollitia itaque.

Impedit qui maxime quibusdam sit harum est harum eveniet. Adipisci sunt enim numquam cupiditate explicabo voluptatem occaecati. Mollitia aut vel et minima perspiciatis doloribus.

Esse itaque reprehenderit deserunt officiis ullam sequi non. Quam laudantium nam aliquid est. Sint quam similique laudantium fuga.

Labore nulla id et omnis quibusdam dicta laudantium. Quisquam illum et sit ut facere accusamus ex.

Sit dolores nobis quibusdam minima. Sunt cupiditate atque architecto maxime. Accusantium iste officia consequatur qui et quo.

Libero corporis molestiae aut quis et minus sit sed. Temporibus fuga blanditiis hic unde. Quas qui voluptatum beatae quod velit vel adipisci consequatur.",,,1,admin,draft,"2024-01-01 18:02:44",,0,,,,"2024-11-18 04:29:40","2024-11-18 04:29:40",
220,"Modi velit quo cum magnam necessitatibus vel velit.",modi-velit-quo-cum-magnam-necessitatibus-vel-velit,"Id unde accusantium ut. Libero molestiae doloribus temporibus. Laboriosam quidem sit sequi in suscipit. Eum maiores nam libero atque.

Ipsum vel ex necessitatibus veritatis. Autem voluptatem tempora porro labore voluptatem ipsa. Ipsam fuga esse reiciendis quas sed similique.

Ducimus nam aut quibusdam vero. Blanditiis assumenda non aut sed ratione. Tempora eum libero esse quaerat fuga dolor non.

Est nisi est qui ex necessitatibus voluptatum maiores. Error est eligendi at tempore facere. Velit dolores tempore placeat ut voluptatum voluptate tempora.",,,1,admin,published,"2024-05-31 16:21:18",1,0,,,,"2024-11-18 04:29:40","2024-11-18 04:29:40",
221,"Nihil voluptates recusandae consequuntur atque consequuntur sed ea.",nihil-voluptates-recusandae-consequuntur-atque-consequuntur-sed-ea,"Porro esse voluptatibus voluptas consequatur modi. Omnis quas accusamus laborum voluptatem ut. Qui adipisci nisi autem ad omnis reiciendis. Harum neque non omnis quia id et quasi placeat.

Fuga cum eum quasi eligendi molestiae eum. Sit molestias excepturi neque beatae non. Inventore non dolores quibusdam reprehenderit cum. Sint vel ipsam earum saepe.

Et est id ab non. Expedita voluptatem est tempore similique. Delectus velit harum eveniet omnis. At nulla et ad ipsa numquam neque.

Atque laboriosam molestiae et. Similique saepe iure saepe dolores. Et et non odit qui vero. Et rerum consequatur et sed sed eos.

Necessitatibus aut et accusamus. Unde eos ut esse aut ipsum voluptas. Sit id est dolores quam rerum.

Maxime fugit quo ad. Dolorem sunt ipsam facere recusandae. Commodi quis vitae distinctio eum excepturi sequi.

Et eos earum eveniet consequatur enim ea laboriosam. Adipisci est et veniam dignissimos sed sint dignissimos a. Nihil quia itaque soluta et quisquam officia.",,,1,admin,draft,"2023-12-18 01:04:39",,0,,,,"2024-11-18 04:29:40","2024-11-18 04:29:40",
222,"Maxime amet aut voluptatem quis.",maxime-amet-aut-voluptatem-quis,"Accusamus quas laboriosam tempore. Repudiandae repudiandae vel ea non quidem autem. Voluptates reprehenderit ea atque quo aperiam. Aliquid et ipsum ut itaque laborum.

Debitis voluptate molestiae accusantium unde. Molestias doloribus tempore officia vitae saepe occaecati. Blanditiis voluptatem ea asperiores nobis. Qui sed odio tenetur cupiditate itaque sed.

Autem sit assumenda eligendi quae velit consequatur repudiandae. Est quisquam accusantium commodi eum aliquam aut voluptatem dolores. Natus et eum qui. Et dignissimos impedit sit ullam voluptatem et.

Eligendi facilis temporibus consequatur nihil quo quae. Et debitis quibusdam et ea sequi blanditiis saepe. Sequi non harum ratione aut consequatur aliquid aut atque.

Et debitis libero sint. Vitae ratione nulla qui quas sapiente quidem. Voluptatum tempora quo qui cumque nulla sunt corporis.",,,1,admin,draft,,,0,,,,"2024-11-18 04:29:40","2024-11-18 04:29:40",
223,"Qui aut sapiente et dolor sed assumenda id.",qui-aut-sapiente-et-dolor-sed-assumenda-id,"Facilis vel exercitationem sequi autem. Consequatur eos sapiente sed excepturi debitis ratione modi nostrum. Animi exercitationem veniam magni delectus.

Itaque qui neque non reprehenderit reprehenderit temporibus. Dolorem officia veniam consequatur commodi molestiae. Minus rem vel est. Pariatur porro harum eum.

Vel officia sint ut dolorum. Itaque adipisci voluptates magni maxime.

Qui hic commodi libero rem iure quia sequi. Ullam ut sunt illo dolores. Repellendus reprehenderit autem et dolor dolorum modi necessitatibus.",,,1,admin,draft,,,0,,,,"2024-11-18 04:29:40","2024-11-18 04:29:40",
224,"Ab et incidunt eveniet ut ea beatae.",ab-et-incidunt-eveniet-ut-ea-beatae,"Nihil adipisci a possimus voluptatem sed error illo explicabo. Totam officiis sit officiis dolorem et. Minus tenetur accusantium excepturi consequuntur omnis vitae vero et. Aperiam architecto omnis repellat iste vitae accusamus.

Et repudiandae voluptatem consequatur doloribus quisquam rem similique enim. Molestiae eos in natus sit quidem esse minima. Possimus molestiae labore in ad placeat ipsam rerum.

Aperiam sapiente aut dolor commodi ipsa ea. Enim consequatur velit placeat consequuntur nihil. Nam ea assumenda eius et distinctio aperiam veritatis. Labore cum est consequatur ut aliquid corrupti sit earum.

Suscipit sit veniam a ut qui rerum sed. Hic ut earum sed ut. Est laborum sit ut quos iusto assumenda. Magnam voluptatibus error aspernatur nihil aut.

Dolor nam deleniti maxime dolor veritatis natus alias. Fugiat distinctio earum cupiditate odio eaque quidem earum. Ex numquam magnam aut iusto. Praesentium ut voluptatibus deleniti aspernatur magnam non.

Dolores sed id eos enim ut harum optio. Consequuntur vitae molestias voluptas dolor mollitia. Harum earum accusantium odit quia ut quis. Nemo earum natus earum cupiditate ullam.",,,1,admin,draft,,,0,,,,"2024-11-18 04:29:40","2024-11-18 04:29:40",
225,"Provident nam alias et.",provident-nam-alias-et,"Earum in et fugit quia at sint nulla ipsum. Fugit odit rem dolores in voluptas. Dolores enim fugit qui sequi.

Tempora perferendis et nam et consequuntur. Ratione velit optio et expedita laboriosam rem quia. Et provident autem exercitationem explicabo non excepturi. Rerum veritatis velit fugiat error aut non.

Recusandae ut commodi in. Labore nemo odit quis id harum. Temporibus aut culpa porro facilis hic ab quis.

Reprehenderit laboriosam dolorem consectetur laboriosam dolores at nihil. Iure est neque molestiae delectus iste quis quasi ducimus. Ipsa at in voluptatem et eligendi non.",,,1,admin,published,"2023-12-10 17:39:41",,0,,,,"2024-11-18 04:29:40","2024-11-18 04:29:40",
226,"Quisquam consequatur assumenda reiciendis sint provident.",quisquam-consequatur-assumenda-reiciendis-sint-provident,"Ipsam eos quam voluptatibus nam occaecati placeat et. Ea occaecati incidunt fugiat et. Laboriosam dignissimos perferendis quo provident distinctio autem.

Culpa accusamus magnam quia laudantium pariatur modi. Et non est libero doloribus. Delectus ex et quo expedita animi et velit alias.

Similique incidunt non omnis aspernatur voluptatum nemo qui quisquam. Consequatur et provident aliquid voluptatem et ullam maxime doloremque. Debitis qui quia deleniti eum accusantium et repudiandae. Sit voluptate qui hic corrupti adipisci dolores eius.

Molestiae asperiores vero dolorem velit pariatur temporibus qui. Voluptas perferendis fuga quo dicta soluta. Est sed dolore numquam eaque aperiam perferendis aut. Natus ut libero et qui voluptas et.

Nostrum distinctio enim fuga sed. Tempora voluptatem iure facere delectus aut quidem ut animi.",,,1,admin,published,"2024-06-18 17:14:40",,0,,,,"2024-11-18 04:29:40","2024-11-18 04:29:40",
227,"Facere fugit quia tempore vitae.",facere-fugit-quia-tempore-vitae,"Et quasi nulla officia inventore maiores corporis vero. Natus earum dolorem quas. Nobis veritatis tempora enim.

Magni aut illo maiores. A nobis quo facilis debitis. Qui vero sequi aspernatur incidunt officia.

Similique vel distinctio aspernatur ut et officia voluptate facere. Dolor et velit ut praesentium culpa. Incidunt soluta quidem dolores ut fugiat qui.

Laboriosam ipsum nemo sint quidem magnam. Sit error magni nemo et ratione vel omnis.

Iste reiciendis neque officia saepe aut ipsam sequi. Alias fugit temporibus aperiam quod dolore eius omnis.

Animi sed et in sunt. Veritatis optio architecto assumenda omnis sapiente recusandae quisquam. Quis laborum consequatur quis hic atque numquam.",,,1,admin,published,"2023-12-14 05:01:58",1,0,,,,"2024-11-18 04:29:40","2024-11-18 04:29:40",
228,"Eum iste cumque laudantium quaerat quam qui excepturi.",eum-iste-cumque-laudantium-quaerat-quam-qui-excepturi,"Molestiae eos sit ut corporis autem. Architecto molestiae voluptas dolor natus sit placeat. Et maxime vel voluptatem quia fuga quos debitis.

Necessitatibus aut iusto voluptatem dicta ab. Nulla et cumque quasi impedit soluta ut.

Voluptas qui aliquid accusantium sed deleniti similique cumque. Nam praesentium est blanditiis enim necessitatibus voluptatem harum. Nihil fuga esse temporibus ipsam aliquid voluptate dicta.",,,1,admin,published,"2024-09-19 05:22:32",1,0,,,,"2024-11-18 04:29:40","2024-11-18 04:29:40",
229,"Est praesentium molestiae fugit sit nihil deserunt cum.",est-praesentium-molestiae-fugit-sit-nihil-deserunt-cum,"Deleniti minus dolores asperiores atque ipsam aperiam expedita. Quidem et et neque pariatur voluptatem vero et impedit. Dolorem rem asperiores dicta quam.

Soluta eaque aut et est ut eum. Labore rem sed atque nostrum aperiam neque. Et illum fugiat id voluptatem molestias repudiandae iste. Rerum praesentium voluptatem et qui. Quo esse et ut ut doloremque repellendus veritatis aperiam.

Ut dignissimos aut iusto minus nostrum eveniet. Repellendus atque rerum eum adipisci voluptatem. Quia non sunt necessitatibus mollitia. Praesentium aut delectus eum quisquam rem distinctio.",,,1,admin,draft,"2024-01-13 12:17:18",1,0,,,,"2024-11-18 04:29:40","2024-11-18 04:29:40",
230,"Adipisci unde harum vel minima.",adipisci-unde-harum-vel-minima,"Sequi saepe repellat eum beatae totam enim. Sequi consequuntur voluptatum debitis enim. Fugit voluptas mollitia sed facilis provident.

Non voluptatem a illum qui voluptatem pariatur veritatis. Non et similique expedita et quia autem voluptas in. Minima vel aliquam harum quos impedit. Hic reiciendis adipisci magni porro eos non quia ut. Sapiente perspiciatis voluptas consectetur non.

Ipsum hic voluptatem et exercitationem sapiente. Magni ut sint aut ut eum et voluptatem. Iure beatae sed qui omnis nemo reiciendis.",,,1,admin,scheduled,"2024-05-30 08:32:48",,0,,,,"2024-11-18 04:29:40","2024-11-18 04:29:40",
231,"Repellendus consectetur sunt et.",repellendus-consectetur-sunt-et,"Voluptatum ut aperiam autem illo. Modi occaecati tempora et animi vel. Fugit porro repudiandae perspiciatis. Maiores sed nisi ipsam saepe eligendi.

Ea et vel minima magni. Vitae beatae ullam odit consequatur dicta delectus. Perspiciatis culpa accusamus a sit est.

Tempora voluptate et dicta assumenda. Saepe rem similique aut. Est tempore et recusandae natus.

Veritatis explicabo ullam sint rem placeat velit. Aut et fuga tempore. Dolor nihil similique commodi praesentium sit. Impedit maiores eos aut est.

Sit quam id ut explicabo. Aut debitis maiores voluptatem eum iure fugiat. Id nobis inventore a et laborum similique.

Vitae perspiciatis voluptate at omnis. Tenetur aspernatur et aut iusto quis et nemo. Expedita nesciunt voluptatem dolor eius adipisci. Quia rerum expedita maiores cupiditate.",,,1,admin,published,,,0,,,,"2024-11-18 04:29:40","2024-11-18 04:29:40",
232,"Iste quo totam et ut inventore.",iste-quo-totam-et-ut-inventore,"Laborum nihil quam illo doloremque voluptas atque est. Magni et rerum et iure voluptatibus in sit. Ullam qui tempore quia quidem libero quaerat aut. Molestiae qui cumque hic aut saepe veniam recusandae rerum.

Hic qui quia totam. Sit ullam qui inventore sit sint explicabo eum.

Repellendus consequatur aut totam voluptatem aspernatur. Accusantium est itaque et. Dolorum vero suscipit ut sit.

Nisi ut rerum expedita fugiat. Nobis et odio fugiat dolores. Ex qui ad quia maxime neque sit et. Mollitia labore nulla nihil assumenda.

Magnam eaque aut inventore. Porro iure hic aut libero aut. Perferendis unde consequatur expedita voluptas voluptates ut minima.",,,1,admin,scheduled,"2024-03-10 08:50:20",,0,,,,"2024-11-18 04:29:40","2024-11-18 04:29:40",
233,"Modi modi cum possimus qui.",modi-modi-cum-possimus-qui,"Nesciunt enim rerum debitis excepturi fugiat eveniet. Consequatur sunt nisi sed voluptas et facilis. Sequi eaque id qui nulla sed perferendis illo. Quas facere cum nobis dignissimos accusantium minima aut.

Molestiae corrupti nisi amet. Voluptatum adipisci consequatur laudantium deserunt.

Sequi eius omnis temporibus in expedita eius. Ut minus voluptas earum maiores fuga in rerum. Error aut modi quo quae recusandae magnam ipsa. Qui cumque est ea fugiat et ut.",,,1,admin,published,"2024-06-06 13:28:16",,0,,,,"2024-11-18 04:29:40","2024-11-18 04:29:40",
234,"Eos quibusdam autem asperiores cum.",eos-quibusdam-autem-asperiores-cum,"Molestiae eos fugiat vel. Itaque doloribus quod eius hic vero. Non enim commodi voluptate et. Sed numquam ad sit nihil sunt est dignissimos.

Dolor quod pariatur tempora. Commodi ex et magni sed tenetur. Enim nihil quidem ea impedit. Aut et et sed tenetur eaque ratione magnam. Dignissimos maxime aut et sit quia architecto placeat.

Voluptas exercitationem molestiae quasi similique. Debitis voluptatem voluptas adipisci optio dolor. Quis fugit qui consequatur est nostrum et.

Quo qui quia quo in. Tempora asperiores aliquam unde veritatis vel officia repellendus. Sed blanditiis qui recusandae.",,,1,admin,scheduled,"2024-06-01 06:12:46",,0,,,,"2024-11-18 04:29:40","2024-11-18 04:29:40",
235,"Et qui sit eum aut odit explicabo ad.",et-qui-sit-eum-aut-odit-explicabo-ad,"Dolores atque officiis voluptatem aliquid quia. Voluptas cumque dolor natus libero expedita qui minus.

Enim culpa consectetur delectus expedita temporibus. Et qui ducimus magni quo sed perspiciatis. Quia ipsum est illum doloribus consequatur at repellat dolorum.

Quibusdam accusamus et quae ratione consectetur. Animi adipisci sunt minus architecto blanditiis a. Tempora ad ut incidunt maiores reprehenderit sed libero tempora. Est eos molestias exercitationem quia delectus.

Eos quia repellendus quia sint laudantium aut reprehenderit. Quidem suscipit temporibus doloremque explicabo quam. Deserunt natus animi sit quod sapiente provident expedita.",,,1,admin,published,"2024-11-09 15:10:02",,0,,,,"2024-11-18 04:29:40","2024-11-18 04:29:40",
236,"Qui cumque qui aut omnis nobis doloribus.",qui-cumque-qui-aut-omnis-nobis-doloribus,"Voluptatem nisi qui esse voluptatem voluptatem. Et aperiam assumenda ratione quae et sit. Voluptatem optio nulla iusto eum non omnis dolorem.

Neque harum velit dolore sed. Tempore dolorem iste aut quae officiis cum. Optio dolores officiis ut aut. Qui ullam inventore minima.

Nisi sunt fuga quia reprehenderit. Et impedit dolor et veniam ex. Deserunt earum sed quaerat adipisci. Laudantium sed laboriosam perspiciatis illo harum.",,,1,admin,published,"2024-04-23 01:32:15",,0,,,,"2024-11-18 04:29:40","2024-11-18 04:29:40",
237,"Eum vitae quia iste in excepturi illo sint.",eum-vitae-quia-iste-in-excepturi-illo-sint,"Ut consequatur eos deserunt et molestiae tempora. Autem magnam eveniet vel natus nesciunt. Eligendi dolor sunt vel iusto voluptatem. Adipisci dolores molestias dolores totam occaecati.

Ut blanditiis vitae natus nihil odit. Ullam autem impedit consequatur aut harum molestiae ipsum. Deserunt officia sit dolor et voluptatum. Dolore qui inventore numquam vel consequatur harum natus.

Eius eveniet quia sit. Et labore rerum aliquid occaecati porro rerum. Quidem id reiciendis odit molestiae eos perspiciatis. Explicabo ratione voluptas natus quia laudantium.

Voluptas cum commodi commodi odit sequi quasi est. Quidem distinctio sit ullam. Earum est aliquam ex at quis quia. Consequatur qui debitis id et ducimus repudiandae et occaecati.

Aut exercitationem rerum sed nulla dolor enim. Quam tempora ab et qui reprehenderit dolores voluptatum. Consequatur qui dolore quisquam alias. A et neque quia quis est sint.

Nostrum quia est sapiente dolor. Voluptatibus quibusdam qui ut laudantium voluptatem voluptatem voluptatem adipisci. Facilis quibusdam aliquid laudantium dolores aut qui. Dolorum minima ad qui et fugit repudiandae.",,,1,admin,published,"2024-02-21 21:31:56",,0,,,,"2024-11-18 04:29:40","2024-11-18 04:29:40",
238,"Impedit quam tempore qui quidem.",impedit-quam-tempore-qui-quidem,"Est culpa voluptas assumenda animi aut. Et omnis et culpa. Error omnis nihil cumque sed consequatur.

Rerum id ab reprehenderit qui. Ipsum minima soluta sed. Ut et voluptas delectus quod aut commodi. Sed quia quibusdam ea alias adipisci temporibus ducimus esse.

Voluptate modi reiciendis soluta eos. Ut et omnis neque maiores quaerat non et. Doloribus assumenda laudantium ad corrupti quidem sint.

Architecto tempora aut autem aspernatur aut quia. Ut sapiente praesentium a consequatur. Dolor ratione omnis vitae aut incidunt.

Quidem voluptas autem sed rerum aperiam ipsum et sed. Ad commodi quam sit sed qui qui. Omnis corporis occaecati ut architecto est qui. Maiores magnam id rerum et temporibus. Iusto at excepturi nulla officiis.

Qui dolores odio at quia. Voluptatem culpa saepe nobis architecto. Neque laborum qui consectetur vel saepe omnis.

Doloribus esse recusandae placeat aut et omnis corporis. Sed ullam sed cupiditate ab. Quis magni ullam non molestiae dolor. Reprehenderit dolor odio molestiae a qui.",,,1,admin,published,"2023-11-23 04:24:54",,0,,,,"2024-11-18 04:29:40","2024-11-18 04:29:40",
239,"Officiis placeat vel ut et velit soluta et laboriosam.",officiis-placeat-vel-ut-et-velit-soluta-et-laboriosam,"Ut quo deserunt dolore quas corrupti. Temporibus ut blanditiis id sit ut maiores voluptatibus. Qui consequuntur distinctio delectus ut sed beatae qui. Mollitia voluptatem iusto aperiam nobis.

Qui id dolorem saepe autem ab ipsam officia eos. Ut excepturi aspernatur unde. Vel in et quas nihil est sit blanditiis. Temporibus nulla illo blanditiis corrupti ut eos.

Architecto molestiae non accusamus veniam nihil. Nulla ut est ullam. Ab consequatur temporibus libero ad harum enim nesciunt qui. Amet natus quos quam iusto vel omnis voluptas.

Ratione accusantium quo doloremque ut sed aut delectus. Sunt accusamus et fugiat sunt. Blanditiis occaecati est autem deserunt.

Veniam porro facilis iste est ut odit. Asperiores sequi itaque aspernatur qui et quis enim. Qui quo rerum ipsa earum. Nemo quisquam atque animi aut omnis.

Beatae ipsum reiciendis aut magni veritatis laboriosam nam. Itaque velit nihil eaque doloribus cum. Quis distinctio fugit similique ea voluptatibus. Ut molestias mollitia eius quia beatae.",,,1,admin,published,"2024-08-05 20:24:15",,0,,,,"2024-11-18 04:29:40","2024-11-18 04:29:40",
240,"Magni dignissimos qui eum.",magni-dignissimos-qui-eum,"Ex enim totam adipisci labore quo sed. Aut inventore dolor et omnis debitis. Eligendi et sint et. Repellat iusto sunt sit eos.

Sit voluptate quibusdam rem et ipsum. Voluptatem quos et aut dolorum assumenda ad animi.

Soluta maxime et placeat exercitationem consequuntur. Sit et in odit minima totam. Id id quaerat nesciunt laudantium rerum.

Et quia assumenda quisquam nemo et est vero. Et quibusdam et porro praesentium aut veniam dolor. Quis ut dignissimos cum laboriosam ut velit.",,,1,admin,scheduled,,,0,,,,"2024-11-18 04:29:40","2024-11-18 04:29:40",
241,"Dolorem repellat fugiat sapiente ex officiis.",dolorem-repellat-fugiat-sapiente-ex-officiis,"Nobis ea nobis eaque voluptatem optio deleniti velit. Deleniti et ab dolorem et aliquid in et et. Earum non animi sit voluptatem occaecati qui ex. Laboriosam est ducimus perferendis distinctio harum est. Veritatis aut tempora nihil et.

Nulla qui culpa laudantium maiores. Possimus omnis numquam vel eaque inventore. Cum aut error est. Ipsum facilis aut non iusto expedita eveniet ad eius.

Aut amet officia delectus ut molestiae doloremque. Similique debitis maiores vel hic placeat recusandae. Quibusdam numquam sit voluptatum expedita officia. Quo vitae consequatur et facere dolorum nostrum et.

Autem ad at ratione sunt veritatis. Aliquam excepturi quaerat ea quia pariatur at ut. Error et voluptatem dolor sit deserunt. Minus aspernatur ad quis quia temporibus animi quis.

Repellat magni quidem ut est enim. Voluptate alias vitae praesentium. Dicta dolorem vitae nobis quidem temporibus ut. Omnis et minima recusandae quia.",,,1,admin,published,"2024-10-01 07:14:25",,0,,,,"2024-11-18 04:29:40","2024-11-18 04:29:40",
242,"Architecto iusto excepturi earum velit.",architecto-iusto-excepturi-earum-velit,"Blanditiis voluptates excepturi amet ipsam. Ipsa at nesciunt rerum. Qui hic ut animi tenetur.

Atque fugiat ut et error qui accusantium rerum. Quas eaque asperiores dolores et. Et fugiat quas sed doloremque. Soluta nihil asperiores autem quia voluptatem explicabo.

Atque totam dolorem rem magnam. Repellat ut et aut vel occaecati non. Dolorum est sunt omnis impedit temporibus.",,,1,admin,published,,1,0,,,,"2024-11-18 04:29:40","2024-11-18 04:29:40",
243,"Eos laudantium tenetur autem accusamus delectus quasi dolores.",eos-laudantium-tenetur-autem-accusamus-delectus-quasi-dolores,"Placeat hic et repellat. Nihil corrupti animi possimus et et repellendus. Dolorem est nostrum est maiores laudantium eveniet porro ut.

Facere omnis voluptas id quos omnis cupiditate qui a. Nobis ut fugiat omnis labore quidem accusamus. Minima id eligendi eum dicta autem. Alias quia nobis iure beatae quae possimus temporibus.

Esse enim et quae tenetur saepe doloremque maxime. Optio officiis distinctio eveniet sunt repellat similique molestiae. Assumenda sit cupiditate aliquid consequatur. Sunt eum et omnis enim consectetur.

Repudiandae architecto unde labore repudiandae facilis cum. Est assumenda fuga quo et harum id consectetur. Perferendis nesciunt beatae praesentium qui. Occaecati qui quia nihil vero aut placeat.

Rerum vel quae consequatur debitis est. Ea quo et minus eum aut numquam. Deleniti et omnis voluptatum asperiores.

Alias pariatur inventore sint. Molestiae sint perferendis voluptates odit quis reprehenderit aut. Possimus et neque est unde quasi aut sed quibusdam.

Dolorem culpa possimus consectetur. Molestiae sit eum rem velit quis. Voluptatem culpa maiores aliquid voluptatem mollitia consequatur quo.",,,1,admin,scheduled,"2024-03-07 02:44:28",,0,,,,"2024-11-18 04:29:40","2024-11-18 04:29:40",
244,"Voluptas rem tempora error debitis quasi nemo.",voluptas-rem-tempora-error-debitis-quasi-nemo,"Dignissimos vel rerum ipsam et. Cum expedita expedita unde voluptatem est. Minus nulla perferendis est. Consequatur in dolorem officiis distinctio perspiciatis.

Eligendi nobis quia distinctio fuga odio explicabo. Odit labore amet molestiae eos doloribus perspiciatis vel. Fugit pariatur architecto et et.

Animi asperiores ea facere eum pariatur. Et libero sed et facere eos esse. Amet alias nihil est voluptates qui temporibus quis.

Eius beatae aut rerum id qui corporis autem porro. Et illo corrupti ut saepe hic quo. Veritatis unde est assumenda iusto voluptas. Esse quasi consequatur enim omnis. Est et quo consequatur minima perspiciatis.

Exercitationem iste perspiciatis qui optio est atque voluptas consequatur. Est accusantium nobis mollitia autem aut qui occaecati iusto. Illo eligendi dicta sed modi quo.

Est facilis ducimus deserunt reprehenderit rerum amet illo. Consequatur deleniti tempora et et blanditiis aut molestiae. Ratione voluptates eligendi illo. Laudantium eos velit modi ut.",,,1,admin,scheduled,"2024-04-09 10:38:04",,0,,,,"2024-11-18 04:29:40","2024-11-18 04:29:40",
245,"Incidunt labore beatae autem maiores.",incidunt-labore-beatae-autem-maiores,"Modi quod expedita ut rerum facilis culpa qui. Omnis id fugit deserunt ut sit minima et. Ex voluptatem sit voluptates veniam. Aliquid quasi aperiam ut quod minus.

Dolores hic numquam et. Enim et molestiae commodi explicabo magnam in. Aspernatur consequatur architecto quo nobis sint.

Beatae in ut enim occaecati error maxime sequi neque. Maiores et id rerum maiores illo ut ipsum illo. Ad aut architecto cupiditate.

Accusamus aspernatur nostrum quasi qui aut sed. Recusandae voluptas molestiae at perspiciatis sit rerum. Sit sit ut soluta sed et. Repudiandae provident quasi ab. Voluptate et et iure autem labore ipsum.

Fugiat qui quas nesciunt aut voluptatibus ut. Aut facere omnis earum tempora adipisci sunt.

Eius dolorum illo ipsam alias. Aut autem eum ullam eius quam dolore dolore. Debitis est ipsam odit asperiores totam beatae.

Excepturi ut amet hic ipsa saepe. Quaerat praesentium eum saepe quibusdam tempore. Assumenda reiciendis exercitationem minus enim commodi est expedita.",,,1,admin,draft,"2024-03-15 05:39:44",1,0,,,,"2024-11-18 04:29:40","2024-11-18 04:29:40",
246,"Consectetur sit aut ea rem minima laudantium.",consectetur-sit-aut-ea-rem-minima-laudantium,"Voluptatem maxime esse recusandae asperiores molestias. Asperiores esse eveniet quidem voluptas consequatur tenetur. Enim earum consequatur labore atque possimus aut ullam. Rerum qui sint laudantium natus sunt.

Aut id laboriosam dolores officia voluptates qui fugiat quia. Ut praesentium explicabo ut quos deleniti voluptates qui. Ab sit ducimus itaque quas et ipsa error voluptas. Et quos molestiae asperiores reiciendis quia qui aut. Necessitatibus quae ipsum et beatae.

Iste quod culpa sed quia quia et. Delectus quidem ea enim velit architecto.

Id culpa id et incidunt at veniam. Enim hic ut voluptatum magnam magnam esse. Esse dolor est non veritatis nisi explicabo ad facilis. Unde ex quam quos alias non qui eveniet vel. Eligendi vero quae et consectetur id velit.

Est quis qui impedit quis dignissimos in aperiam. Omnis vero atque natus consequatur. Deserunt illum eius et vel non rerum quod.

A tenetur omnis dolor ab sit. Laborum ut ut quis animi nobis sint et. Cupiditate iste inventore voluptate ut consectetur facilis molestias. Voluptates et enim quod ratione.

Consequatur sint consequatur sit accusantium nostrum voluptatem inventore hic. Ut ipsa deserunt alias fugit et sint sed. Et eos a voluptas et distinctio enim accusamus earum. Eveniet pariatur facilis aut nesciunt corrupti et et quia.",,,1,admin,scheduled,"2024-08-27 09:19:11",,0,,,,"2024-11-18 04:29:40","2024-11-18 04:29:40",
247,"Adipisci laboriosam voluptates cupiditate doloribus temporibus.",adipisci-laboriosam-voluptates-cupiditate-doloribus-temporibus,"Dolorum in veritatis eos aut. Temporibus dicta autem eos corporis placeat maxime sunt unde. Velit commodi ipsam deleniti consequatur. Dolores molestiae rem quia veritatis at eum rerum.

Aut neque omnis ad dolorum maiores iure perspiciatis modi. Atque enim sequi illum quo voluptatem quis expedita. Cum commodi perferendis quas recusandae sed voluptatibus et est. Id aliquam ea et dolorum quis eum.

Nemo voluptates corrupti quod ipsum. Et consequatur cupiditate est saepe aut possimus. Fugit necessitatibus sed voluptatum veritatis id velit veniam praesentium. Architecto dolorum architecto libero dolore.

Ipsam exercitationem modi qui ipsam eveniet rerum. Quia et dolor neque voluptas quos. Aperiam ut quas totam voluptatem iste. Aperiam culpa rem et velit voluptate qui odio.

Fuga eos dolorum pariatur autem tempore ullam. Error aut culpa at. Cupiditate id veritatis corporis non.

Cumque ex non accusamus suscipit modi dolore. Incidunt magnam possimus voluptas optio est commodi quis. Tempora vel libero molestiae ut. Quo nesciunt corporis quod quod nam quisquam voluptas enim.",,,1,admin,scheduled,,,0,,,,"2024-11-18 04:29:40","2024-11-18 04:29:40",
248,"Labore sed aut quis dicta voluptas.",labore-sed-aut-quis-dicta-voluptas,"Aspernatur esse itaque id modi reiciendis consequuntur. Voluptas fuga dignissimos corporis ut recusandae ratione est. Sint ipsam dolore facere itaque mollitia facere. Voluptas aliquam consequatur voluptatum libero adipisci.

Natus tempore aspernatur repellat eos voluptates non. Porro corporis ipsam aut et soluta molestias est. Nulla aliquam sed distinctio voluptates eum esse sed. Ut accusamus non quia neque repudiandae.

Enim quo non ipsam suscipit eligendi velit. Nostrum impedit est distinctio nostrum et quos. Aut rerum eos est. Quod culpa rerum nam qui.

Inventore modi enim aut quam reiciendis qui velit. Exercitationem earum et quia ut. Velit incidunt tenetur et a sint beatae cum laudantium. Quidem ut occaecati amet tenetur et est neque.

Et pariatur et consequuntur provident qui est. Fugiat iure voluptas aut quis minima quos et.

Omnis dignissimos delectus molestias delectus sit quibusdam enim asperiores. Ullam est adipisci omnis quis.

Veritatis pariatur voluptatem est iure natus. Cupiditate rerum pariatur a doloremque voluptate velit. Laboriosam et nulla illum atque repellendus odit perspiciatis. Aut deserunt eum magni.",,,1,admin,draft,,,0,,,,"2024-11-18 04:29:40","2024-11-18 04:29:40",
249,"Amet rerum quo animi.",amet-rerum-quo-animi,"Sequi quis fugiat quia voluptates in. Voluptatem ipsa est velit exercitationem. Voluptatem laudantium at reiciendis dolores veritatis non.

Dolorum facilis voluptatum excepturi repellendus. Et laborum aut nemo nisi fuga ipsam suscipit. Dicta mollitia et fugiat vero aperiam occaecati atque nihil. Dolorem pariatur id voluptatem hic temporibus.

Atque quaerat est quia est reprehenderit. Vitae quisquam excepturi minus et. Quia error maiores saepe commodi voluptatem reiciendis quis. Iste eum voluptas esse architecto iure est tempora. Natus deserunt maiores facilis error voluptatibus.

Ut mollitia quos quia non veniam. Consequatur et totam qui autem. A dolores molestiae a nemo sint similique. Quia sit dolor dolor sequi dicta architecto.

In dicta velit dolorum veniam molestiae molestiae error. Consectetur ullam voluptatem voluptatem ut est. Voluptas et est temporibus quisquam qui. Numquam ratione in est nulla blanditiis beatae.",,,1,admin,scheduled,"2024-07-12 12:34:17",,0,,,,"2024-11-18 04:29:40","2024-11-18 04:29:40",
250,"Nam porro nihil est perspiciatis rem enim.",nam-porro-nihil-est-perspiciatis-rem-enim,"Quos reiciendis accusamus neque incidunt eos sint. Officiis odit totam vel tenetur rerum unde. Optio facilis labore nisi sed. Rerum temporibus qui sapiente eaque id iste.

Iste itaque ad in doloribus non nesciunt iusto quod. Eaque rerum iure totam voluptate quisquam perspiciatis rem qui.

Nisi esse id reiciendis eius hic. Cumque quas sunt suscipit quia accusamus vel dolores. Eum temporibus debitis quibusdam velit.

Quod qui non voluptatem facilis voluptatem doloribus. Facere omnis sed est quo quis laborum totam. Sed consequatur et qui voluptate et animi. Sapiente quo harum et ut est. Voluptatem itaque facilis velit recusandae.

Ut doloribus porro perferendis sed quas assumenda. Sit aperiam facere aut corrupti aut qui.

Tempore et impedit reiciendis ipsum aut rerum repudiandae. Iure recusandae consequatur sapiente consequatur id eum quo. Error deserunt dolor dicta omnis sit. Animi cupiditate perferendis consequatur unde impedit qui.",,,1,admin,scheduled,"2024-03-29 05:21:13",,0,,,,"2024-11-18 04:29:40","2024-11-18 04:29:40",
251,"Quo magni pariatur dicta molestiae.",quo-magni-pariatur-dicta-molestiae,"Rerum nisi et nostrum nulla consectetur totam. Ut ut hic dicta consequatur illo. Sed aut et et non qui architecto.

Et ea rerum perferendis. Incidunt et modi aut ratione.

Iure ut qui omnis quod et nihil. Atque aut provident tenetur. Adipisci nobis ipsum corrupti saepe quia amet. Ut autem impedit facere molestias dolorem quibusdam velit dolorem.

Ad aut et veniam ut. Vitae atque vel qui et. Animi maiores cupiditate consequatur dicta ipsum eos. Debitis illum qui et occaecati ab.",,,1,admin,scheduled,"2024-01-25 19:42:42",,0,,,,"2024-11-18 04:29:40","2024-11-18 04:29:40",
252,"Blanditiis est minus praesentium.",blanditiis-est-minus-praesentium,"Sed at modi deserunt nam sint sint. Dignissimos qui ratione consequatur quasi et tempore. Eligendi cumque veniam et est sit repellendus. Ab blanditiis reiciendis rerum est voluptatem molestiae est dolores.

Similique voluptates expedita et laborum. Vel incidunt doloribus ut et qui numquam. Vitae et eos voluptatibus occaecati.

Molestiae enim et culpa. Inventore iste eius iusto illum delectus et voluptatem voluptas. Repellat est tempora repudiandae quia quo et at.

Ipsa eaque minima voluptatem dolore doloribus. Eaque animi nesciunt qui odit inventore esse eligendi. Et sint sit ut omnis et enim sequi.

Necessitatibus dignissimos expedita omnis. Aliquam ducimus et saepe id asperiores. Est architecto voluptas velit harum quaerat. A amet reprehenderit consequatur iste.

Impedit aut dolorem neque labore temporibus. Ipsum aut cumque quis iusto. Laborum sed numquam earum libero dolores. Voluptatem ut sunt adipisci nostrum.",,,1,admin,published,"2024-05-31 14:54:35",,0,,,,"2024-11-18 04:29:40","2024-11-18 04:29:40",
253,"Repudiandae quae tempora est ipsa necessitatibus.",repudiandae-quae-tempora-est-ipsa-necessitatibus,"Illo saepe excepturi asperiores repellat repellendus dicta pariatur. Tempore unde aliquam qui nihil aut. Culpa iure odio aut architecto.

Sequi hic minus impedit libero provident eos et. Id tempore vel qui fugiat vel quae tenetur nobis. Ipsa consequatur aliquid corporis rerum. Voluptas iste pariatur neque quis.

Non repellat accusantium autem et quo perferendis sit consequatur. Voluptas neque repellat nostrum impedit earum vel. Expedita nam modi consequuntur aperiam.

Est aspernatur quo velit. Vel inventore omnis officia magni earum modi. Error fugit incidunt minima ad at. Eaque suscipit non aliquid nisi quo.

Eveniet quae sint voluptates inventore. Vel quia omnis ea soluta earum dolor soluta. Officia in adipisci illo quae maxime voluptatem eligendi.

Eos laudantium et et tempora est accusantium. Velit nam et omnis explicabo et expedita sint. Dolorem id quas autem repudiandae eos ut.

Et possimus qui eos vero et. Ea eum fugit est ut enim rerum iste. Molestias sed et quisquam rerum. Fugit sunt qui ab enim quo voluptates.",,,1,admin,published,,,0,,,,"2024-11-18 04:29:40","2024-11-18 04:29:40",
254,"Quibusdam non maxime ut.",quibusdam-non-maxime-ut,"Incidunt libero possimus quasi illum impedit laborum reprehenderit pariatur. Hic explicabo sint asperiores et. Iusto eum et sunt praesentium non quia est.

Qui molestiae doloribus architecto et. Ut iste et eum blanditiis architecto dolore. Sunt nobis dolor repudiandae.

Reprehenderit totam blanditiis a provident facere consequatur ipsam. Sunt dolorem nihil aut accusamus ex quis odio. Qui aut voluptatum autem illo.

Omnis est qui sed est quae fugit. In eos unde facere. Possimus provident est et molestias beatae asperiores similique.

Odit natus mollitia impedit nobis. Odio eos numquam similique adipisci. Pariatur eos incidunt ab doloribus iusto voluptatem magni. Eius facilis assumenda magni voluptatem saepe.

Et deleniti corporis et. Omnis est non omnis odio sint. Et non rem quis labore. Ut deleniti ullam aut inventore.

Maiores est mollitia modi suscipit. Maiores consequatur vel est molestiae officia. Illum est corrupti non sit ut libero officiis. Culpa itaque consequatur soluta quaerat omnis. Modi et et velit.",,,1,admin,draft,"2024-01-20 07:10:17",,0,,,,"2024-11-18 04:29:40","2024-11-18 04:29:40",
255,"Minus voluptatum deleniti unde a.",minus-voluptatum-deleniti-unde-a,"In asperiores sint est ut. Officiis voluptates omnis repudiandae vitae. Iste numquam cupiditate illo qui distinctio qui sit.

Quisquam vel est placeat magnam voluptatum perspiciatis iure. Eius fuga aspernatur tempore. Fugiat perspiciatis laboriosam non pariatur labore sint. Qui reprehenderit est ipsum iste ratione non exercitationem.

Aperiam iusto reiciendis consequatur ut fugit recusandae maxime. Cumque sint dolor aut ut doloremque. Voluptatum sit laboriosam tempora quidem officiis eum dicta. Dolor totam nihil doloremque quam.

Omnis similique laudantium qui tempora odio. Natus sed dolorum quo ullam aut expedita tempore. Dolorum voluptate consequuntur labore nisi facere rem et qui.

Explicabo enim reprehenderit dolore quod soluta earum. Sit soluta ullam optio quo itaque voluptate. Aliquam aut unde et beatae. Libero laborum et laboriosam expedita aut.

Minima iure iure voluptatibus. Quos similique ullam alias deleniti laudantium soluta. Quasi facilis sint est nobis quibusdam inventore necessitatibus. Velit architecto cum aspernatur quis sint pariatur.

Repellat assumenda veniam illum omnis. Molestiae assumenda voluptatem mollitia ut non et non voluptatem. Praesentium est vel et cumque soluta deserunt. Aut nemo illo non.",,,1,admin,draft,"2024-09-15 03:26:23",,0,,,,"2024-11-18 04:29:40","2024-11-18 04:29:40",
256,"Vel sit dignissimos suscipit et ipsam eius.",vel-sit-dignissimos-suscipit-et-ipsam-eius,"Inventore rerum voluptatem sunt. Corrupti et doloribus et dolore odio in deleniti. Dignissimos id et repellendus neque repellendus et.

Iste error itaque est. Animi aspernatur et natus ea placeat non doloremque. Dolore alias placeat ea quam nemo accusantium aut.

Voluptas repellat facere odit est sit nesciunt ut. Voluptatem illo et minus perspiciatis. Ratione incidunt quibusdam hic voluptatem quia quo doloribus.

Et neque nostrum alias similique beatae unde. Fugiat eligendi nisi sit dolores sunt et sequi neque. Placeat sit consectetur libero quae eos.

Sunt consectetur sunt modi sint ab vel. Et rerum et placeat assumenda ipsum. Minima et sint ut molestias autem. Libero molestiae numquam veniam.

Rerum repellendus aut nulla voluptatem autem ipsa. Dicta occaecati et omnis exercitationem est illo vel labore. Eos beatae repellat et earum fugiat pariatur neque reprehenderit. Quia est non iure repellat cum ab culpa.

Reprehenderit officiis tempore ipsa. Facilis voluptates et provident neque quasi eum aut. Voluptatum praesentium sint illum suscipit voluptas ab nam.",,,1,admin,draft,,,0,,,,"2024-11-18 04:29:40","2024-11-18 04:29:40",
